Sheet Name,URL
CATALOG DISCOUNTS CHANGE SHEET,https://docs.google.com/spreadsheets/d/1VkQmOFmyJq1fZKnfkI-Tdfv_KvgVl1XcnQmJ1dCRbe4/edit#gid=1641580281
sales line discount group ,https://docs.google.com/spreadsheets/d/1VkQmOFmyJq1fZKnfkI-Tdfv_KvgVl1XcnQmJ1dCRbe4/edit#gid=1115986370
Template Work,https://docs.google.com/spreadsheets/d/1VkQmOFmyJq1fZKnfkI-Tdfv_KvgVl1XcnQmJ1dCRbe4/edit#gid=1789154744
Logos,https://docs.google.com/spreadsheets/d/1VkQmOFmyJq1fZKnfkI-Tdfv_KvgVl1XcnQmJ1dCRbe4/edit#gid=658821188
SELECTION,https://docs.google.com/spreadsheets/d/1VkQmOFmyJq1fZKnfkI-Tdfv_KvgVl1XcnQmJ1dCRbe4/edit#gid=1843881957
Product List,https://docs.google.com/spreadsheets/d/1VkQmOFmyJq1fZKnfkI-Tdfv_KvgVl1XcnQmJ1dCRbe4/edit#gid=320545467
APX (old),https://docs.google.com/spreadsheets/d/1VkQmOFmyJq1fZKnfkI-Tdfv_KvgVl1XcnQmJ1dCRbe4/edit#gid=472971801
MENU,https://docs.google.com/spreadsheets/d/1VkQmOFmyJq1fZKnfkI-Tdfv_KvgVl1XcnQmJ1dCRbe4/edit#gid=1708914855
CALC MARG,https://docs.google.com/spreadsheets/d/1VkQmOFmyJq1fZKnfkI-Tdfv_KvgVl1XcnQmJ1dCRbe4/edit#gid=1324700639
ELTUA,https://docs.google.com/spreadsheets/d/1VkQmOFmyJq1fZKnfkI-Tdfv_KvgVl1XcnQmJ1dCRbe4/edit#gid=311167720
ELTUK,https://docs.google.com/spreadsheets/d/1VkQmOFmyJq1fZKnfkI-Tdfv_KvgVl1XcnQmJ1dCRbe4/edit#gid=1464653345
ELTCA,https://docs.google.com/spreadsheets/d/1VkQmOFmyJq1fZKnfkI-Tdfv_KvgVl1XcnQmJ1dCRbe4/edit#gid=1124165374
ELTCK,https://docs.google.com/spreadsheets/d/1VkQmOFmyJq1fZKnfkI-Tdfv_KvgVl1XcnQmJ1dCRbe4/edit#gid=333928831
ELTLSA,https://docs.google.com/spreadsheets/d/1VkQmOFmyJq1fZKnfkI-Tdfv_KvgVl1XcnQmJ1dCRbe4/edit#gid=120545748
ELTLSK,https://docs.google.com/spreadsheets/d/1VkQmOFmyJq1fZKnfkI-Tdfv_KvgVl1XcnQmJ1dCRbe4/edit#gid=695394803
ELRSA,https://docs.google.com/spreadsheets/d/1VkQmOFmyJq1fZKnfkI-Tdfv_KvgVl1XcnQmJ1dCRbe4/edit#gid=856247637
ELRSK,https://docs.google.com/spreadsheets/d/1VkQmOFmyJq1fZKnfkI-Tdfv_KvgVl1XcnQmJ1dCRbe4/edit#gid=644008239
ELRSAA,https://docs.google.com/spreadsheets/d/1VkQmOFmyJq1fZKnfkI-Tdfv_KvgVl1XcnQmJ1dCRbe4/edit#gid=1469243056
ELRSAK,https://docs.google.com/spreadsheets/d/1VkQmOFmyJq1fZKnfkI-Tdfv_KvgVl1XcnQmJ1dCRbe4/edit#gid=1098162137
IPSA,https://docs.google.com/spreadsheets/d/1VkQmOFmyJq1fZKnfkI-Tdfv_KvgVl1XcnQmJ1dCRbe4/edit#gid=686971801
IPSK,https://docs.google.com/spreadsheets/d/1VkQmOFmyJq1fZKnfkI-Tdfv_KvgVl1XcnQmJ1dCRbe4/edit#gid=1268918540
APK,https://docs.google.com/spreadsheets/d/1VkQmOFmyJq1fZKnfkI-Tdfv_KvgVl1XcnQmJ1dCRbe4/edit#gid=189251014
CHAR DBL,https://docs.google.com/spreadsheets/d/1VkQmOFmyJq1fZKnfkI-Tdfv_KvgVl1XcnQmJ1dCRbe4/edit#gid=1719923557
BPK,https://docs.google.com/spreadsheets/d/1VkQmOFmyJq1fZKnfkI-Tdfv_KvgVl1XcnQmJ1dCRbe4/edit#gid=600645513
APX,https://docs.google.com/spreadsheets/d/1VkQmOFmyJq1fZKnfkI-Tdfv_KvgVl1XcnQmJ1dCRbe4/edit#gid=1167994413
CWA,https://docs.google.com/spreadsheets/d/1VkQmOFmyJq1fZKnfkI-Tdfv_KvgVl1XcnQmJ1dCRbe4/edit#gid=1450697806
KWAK,https://docs.google.com/spreadsheets/d/1VkQmOFmyJq1fZKnfkI-Tdfv_KvgVl1XcnQmJ1dCRbe4/edit#gid=600408022
WFA,https://docs.google.com/spreadsheets/d/1VkQmOFmyJq1fZKnfkI-Tdfv_KvgVl1XcnQmJ1dCRbe4/edit#gid=1192701168
ETBLK,https://docs.google.com/spreadsheets/d/1VkQmOFmyJq1fZKnfkI-Tdfv_KvgVl1XcnQmJ1dCRbe4/edit#gid=2013511353
DFO,https://docs.google.com/spreadsheets/d/1VkQmOFmyJq1fZKnfkI-Tdfv_KvgVl1XcnQmJ1dCRbe4/edit#gid=920865959
DFK,https://docs.google.com/spreadsheets/d/1VkQmOFmyJq1fZKnfkI-Tdfv_KvgVl1XcnQmJ1dCRbe4/edit#gid=714116436
CHAR FDBL,https://docs.google.com/spreadsheets/d/1VkQmOFmyJq1fZKnfkI-Tdfv_KvgVl1XcnQmJ1dCRbe4/edit#gid=767233458
MPR,https://docs.google.com/spreadsheets/d/1VkQmOFmyJq1fZKnfkI-Tdfv_KvgVl1XcnQmJ1dCRbe4/edit#gid=177208538
EWR,https://docs.google.com/spreadsheets/d/1VkQmOFmyJq1fZKnfkI-Tdfv_KvgVl1XcnQmJ1dCRbe4/edit#gid=2080815758
MPSR,https://docs.google.com/spreadsheets/d/1VkQmOFmyJq1fZKnfkI-Tdfv_KvgVl1XcnQmJ1dCRbe4/edit#gid=1160869855
MX,https://docs.google.com/spreadsheets/d/1VkQmOFmyJq1fZKnfkI-Tdfv_KvgVl1XcnQmJ1dCRbe4/edit#gid=210107012
RBR,https://docs.google.com/spreadsheets/d/1VkQmOFmyJq1fZKnfkI-Tdfv_KvgVl1XcnQmJ1dCRbe4/edit#gid=1015765044
FM RHT,https://docs.google.com/spreadsheets/d/1VkQmOFmyJq1fZKnfkI-Tdfv_KvgVl1XcnQmJ1dCRbe4/edit#gid=726448013
FM RW RHM,https://docs.google.com/spreadsheets/d/1VkQmOFmyJq1fZKnfkI-Tdfv_KvgVl1XcnQmJ1dCRbe4/edit#gid=1896064492
FWR,https://docs.google.com/spreadsheets/d/1VkQmOFmyJq1fZKnfkI-Tdfv_KvgVl1XcnQmJ1dCRbe4/edit#gid=570710757
FM RP FW ,https://docs.google.com/spreadsheets/d/1VkQmOFmyJq1fZKnfkI-Tdfv_KvgVl1XcnQmJ1dCRbe4/edit#gid=2067572952
FM CR CUR,https://docs.google.com/spreadsheets/d/1VkQmOFmyJq1fZKnfkI-Tdfv_KvgVl1XcnQmJ1dCRbe4/edit#gid=206165770
FM AFB,https://docs.google.com/spreadsheets/d/1VkQmOFmyJq1fZKnfkI-Tdfv_KvgVl1XcnQmJ1dCRbe4/edit#gid=1438647760
FM AFBS,https://docs.google.com/spreadsheets/d/1VkQmOFmyJq1fZKnfkI-Tdfv_KvgVl1XcnQmJ1dCRbe4/edit#gid=1591086368
ESLIN,https://docs.google.com/spreadsheets/d/1VkQmOFmyJq1fZKnfkI-Tdfv_KvgVl1XcnQmJ1dCRbe4/edit#gid=1330467108
BASO,https://docs.google.com/spreadsheets/d/1VkQmOFmyJq1fZKnfkI-Tdfv_KvgVl1XcnQmJ1dCRbe4/edit#gid=1210401489
TNS,https://docs.google.com/spreadsheets/d/1VkQmOFmyJq1fZKnfkI-Tdfv_KvgVl1XcnQmJ1dCRbe4/edit#gid=1423774784
ACO,https://docs.google.com/spreadsheets/d/1VkQmOFmyJq1fZKnfkI-Tdfv_KvgVl1XcnQmJ1dCRbe4/edit#gid=581662562
NS,https://docs.google.com/spreadsheets/d/1VkQmOFmyJq1fZKnfkI-Tdfv_KvgVl1XcnQmJ1dCRbe4/edit#gid=1530357848
POLY,https://docs.google.com/spreadsheets/d/1VkQmOFmyJq1fZKnfkI-Tdfv_KvgVl1XcnQmJ1dCRbe4/edit#gid=1785630427
VENT,https://docs.google.com/spreadsheets/d/1VkQmOFmyJq1fZKnfkI-Tdfv_KvgVl1XcnQmJ1dCRbe4/edit#gid=1401776903
ALRLI,https://docs.google.com/spreadsheets/d/1VkQmOFmyJq1fZKnfkI-Tdfv_KvgVl1XcnQmJ1dCRbe4/edit#gid=1597791958
INSPECTIONP,https://docs.google.com/spreadsheets/d/1VkQmOFmyJq1fZKnfkI-Tdfv_KvgVl1XcnQmJ1dCRbe4/edit#gid=1861676044
ALRLJ,https://docs.google.com/spreadsheets/d/1VkQmOFmyJq1fZKnfkI-Tdfv_KvgVl1XcnQmJ1dCRbe4/edit#gid=952227264
CHAR AL,https://docs.google.com/spreadsheets/d/1VkQmOFmyJq1fZKnfkI-Tdfv_KvgVl1XcnQmJ1dCRbe4/edit#gid=774493924
ALCRB,https://docs.google.com/spreadsheets/d/1VkQmOFmyJq1fZKnfkI-Tdfv_KvgVl1XcnQmJ1dCRbe4/edit#gid=1806272678
ALCRPEI,https://docs.google.com/spreadsheets/d/1VkQmOFmyJq1fZKnfkI-Tdfv_KvgVl1XcnQmJ1dCRbe4/edit#gid=592903043
ALCRPEJ,https://docs.google.com/spreadsheets/d/1VkQmOFmyJq1fZKnfkI-Tdfv_KvgVl1XcnQmJ1dCRbe4/edit#gid=1102781846
AL90I,https://docs.google.com/spreadsheets/d/1VkQmOFmyJq1fZKnfkI-Tdfv_KvgVl1XcnQmJ1dCRbe4/edit#gid=1945105871
AL90J,https://docs.google.com/spreadsheets/d/1VkQmOFmyJq1fZKnfkI-Tdfv_KvgVl1XcnQmJ1dCRbe4/edit#gid=1339695681
AL45I,https://docs.google.com/spreadsheets/d/1VkQmOFmyJq1fZKnfkI-Tdfv_KvgVl1XcnQmJ1dCRbe4/edit#gid=22288623
AL45J,https://docs.google.com/spreadsheets/d/1VkQmOFmyJq1fZKnfkI-Tdfv_KvgVl1XcnQmJ1dCRbe4/edit#gid=853148426
ALTI,https://docs.google.com/spreadsheets/d/1VkQmOFmyJq1fZKnfkI-Tdfv_KvgVl1XcnQmJ1dCRbe4/edit#gid=505306427
ALTJ,https://docs.google.com/spreadsheets/d/1VkQmOFmyJq1fZKnfkI-Tdfv_KvgVl1XcnQmJ1dCRbe4/edit#gid=1350955339
ALCI,https://docs.google.com/spreadsheets/d/1VkQmOFmyJq1fZKnfkI-Tdfv_KvgVl1XcnQmJ1dCRbe4/edit#gid=1881961610
ALCJ,https://docs.google.com/spreadsheets/d/1VkQmOFmyJq1fZKnfkI-Tdfv_KvgVl1XcnQmJ1dCRbe4/edit#gid=2014752414
PP,https://docs.google.com/spreadsheets/d/1VkQmOFmyJq1fZKnfkI-Tdfv_KvgVl1XcnQmJ1dCRbe4/edit#gid=1838630940
SSRL,https://docs.google.com/spreadsheets/d/1VkQmOFmyJq1fZKnfkI-Tdfv_KvgVl1XcnQmJ1dCRbe4/edit#gid=163400655
SSCRJ,https://docs.google.com/spreadsheets/d/1VkQmOFmyJq1fZKnfkI-Tdfv_KvgVl1XcnQmJ1dCRbe4/edit#gid=2128035381
SSCRI,https://docs.google.com/spreadsheets/d/1VkQmOFmyJq1fZKnfkI-Tdfv_KvgVl1XcnQmJ1dCRbe4/edit#gid=1594429496
SS90I,https://docs.google.com/spreadsheets/d/1VkQmOFmyJq1fZKnfkI-Tdfv_KvgVl1XcnQmJ1dCRbe4/edit#gid=1985138160
SS90J,https://docs.google.com/spreadsheets/d/1VkQmOFmyJq1fZKnfkI-Tdfv_KvgVl1XcnQmJ1dCRbe4/edit#gid=1860163838
SS45I,https://docs.google.com/spreadsheets/d/1VkQmOFmyJq1fZKnfkI-Tdfv_KvgVl1XcnQmJ1dCRbe4/edit#gid=465305591
SS45J,https://docs.google.com/spreadsheets/d/1VkQmOFmyJq1fZKnfkI-Tdfv_KvgVl1XcnQmJ1dCRbe4/edit#gid=1923310564
PVCRL,https://docs.google.com/spreadsheets/d/1VkQmOFmyJq1fZKnfkI-Tdfv_KvgVl1XcnQmJ1dCRbe4/edit#gid=537501723
PVCCR,https://docs.google.com/spreadsheets/d/1VkQmOFmyJq1fZKnfkI-Tdfv_KvgVl1XcnQmJ1dCRbe4/edit#gid=336795781
CHAR PVC,https://docs.google.com/spreadsheets/d/1VkQmOFmyJq1fZKnfkI-Tdfv_KvgVl1XcnQmJ1dCRbe4/edit#gid=1872953392
PVCCRSA,https://docs.google.com/spreadsheets/d/1VkQmOFmyJq1fZKnfkI-Tdfv_KvgVl1XcnQmJ1dCRbe4/edit#gid=60882455
PVC90,https://docs.google.com/spreadsheets/d/1VkQmOFmyJq1fZKnfkI-Tdfv_KvgVl1XcnQmJ1dCRbe4/edit#gid=128012394
PVC90LR,https://docs.google.com/spreadsheets/d/1VkQmOFmyJq1fZKnfkI-Tdfv_KvgVl1XcnQmJ1dCRbe4/edit#gid=912897115
PVC9045TVCT,https://docs.google.com/spreadsheets/d/1VkQmOFmyJq1fZKnfkI-Tdfv_KvgVl1XcnQmJ1dCRbe4/edit#gid=1459072015
PVC45,https://docs.google.com/spreadsheets/d/1VkQmOFmyJq1fZKnfkI-Tdfv_KvgVl1XcnQmJ1dCRbe4/edit#gid=1424645950
PVCT,https://docs.google.com/spreadsheets/d/1VkQmOFmyJq1fZKnfkI-Tdfv_KvgVl1XcnQmJ1dCRbe4/edit#gid=889397210
PVCC,https://docs.google.com/spreadsheets/d/1VkQmOFmyJq1fZKnfkI-Tdfv_KvgVl1XcnQmJ1dCRbe4/edit#gid=218928923
PVCJ,https://docs.google.com/spreadsheets/d/1VkQmOFmyJq1fZKnfkI-Tdfv_KvgVl1XcnQmJ1dCRbe4/edit#gid=1586891148
PVCB,https://docs.google.com/spreadsheets/d/1VkQmOFmyJq1fZKnfkI-Tdfv_KvgVl1XcnQmJ1dCRbe4/edit#gid=709857443
MEMB,https://docs.google.com/spreadsheets/d/1VkQmOFmyJq1fZKnfkI-Tdfv_KvgVl1XcnQmJ1dCRbe4/edit#gid=86397971
MEMBB,https://docs.google.com/spreadsheets/d/1VkQmOFmyJq1fZKnfkI-Tdfv_KvgVl1XcnQmJ1dCRbe4/edit#gid=114740611
SATGTWF,https://docs.google.com/spreadsheets/d/1VkQmOFmyJq1fZKnfkI-Tdfv_KvgVl1XcnQmJ1dCRbe4/edit#gid=930886059
MEMBRE,https://docs.google.com/spreadsheets/d/1VkQmOFmyJq1fZKnfkI-Tdfv_KvgVl1XcnQmJ1dCRbe4/edit#gid=52021415
MEMBAK,https://docs.google.com/spreadsheets/d/1VkQmOFmyJq1fZKnfkI-Tdfv_KvgVl1XcnQmJ1dCRbe4/edit#gid=2016876040
APPBAK,https://docs.google.com/spreadsheets/d/1VkQmOFmyJq1fZKnfkI-Tdfv_KvgVl1XcnQmJ1dCRbe4/edit#gid=888483502
COA,https://docs.google.com/spreadsheets/d/1VkQmOFmyJq1fZKnfkI-Tdfv_KvgVl1XcnQmJ1dCRbe4/edit#gid=1188614896
COP,https://docs.google.com/spreadsheets/d/1VkQmOFmyJq1fZKnfkI-Tdfv_KvgVl1XcnQmJ1dCRbe4/edit#gid=420828864
COPO,https://docs.google.com/spreadsheets/d/1VkQmOFmyJq1fZKnfkI-Tdfv_KvgVl1XcnQmJ1dCRbe4/edit#gid=1206048892
SCP,https://docs.google.com/spreadsheets/d/1VkQmOFmyJq1fZKnfkI-Tdfv_KvgVl1XcnQmJ1dCRbe4/edit#gid=1144703931
BAK100,https://docs.google.com/spreadsheets/d/1VkQmOFmyJq1fZKnfkI-Tdfv_KvgVl1XcnQmJ1dCRbe4/edit#gid=1309653899
BAK200,https://docs.google.com/spreadsheets/d/1VkQmOFmyJq1fZKnfkI-Tdfv_KvgVl1XcnQmJ1dCRbe4/edit#gid=1339349010
BAK700800,https://docs.google.com/spreadsheets/d/1VkQmOFmyJq1fZKnfkI-Tdfv_KvgVl1XcnQmJ1dCRbe4/edit#gid=1106462032
PPOLR,https://docs.google.com/spreadsheets/d/1VkQmOFmyJq1fZKnfkI-Tdfv_KvgVl1XcnQmJ1dCRbe4/edit#gid=201009203
RG2400,https://docs.google.com/spreadsheets/d/1VkQmOFmyJq1fZKnfkI-Tdfv_KvgVl1XcnQmJ1dCRbe4/edit#gid=544041813
ADHF,https://docs.google.com/spreadsheets/d/1VkQmOFmyJq1fZKnfkI-Tdfv_KvgVl1XcnQmJ1dCRbe4/edit#gid=386839239
3MF,https://docs.google.com/spreadsheets/d/1VkQmOFmyJq1fZKnfkI-Tdfv_KvgVl1XcnQmJ1dCRbe4/edit#gid=1602270455
ANC,https://docs.google.com/spreadsheets/d/1VkQmOFmyJq1fZKnfkI-Tdfv_KvgVl1XcnQmJ1dCRbe4/edit#gid=1650145993
CLS,https://docs.google.com/spreadsheets/d/1VkQmOFmyJq1fZKnfkI-Tdfv_KvgVl1XcnQmJ1dCRbe4/edit#gid=2053287528
DRI,https://docs.google.com/spreadsheets/d/1VkQmOFmyJq1fZKnfkI-Tdfv_KvgVl1XcnQmJ1dCRbe4/edit#gid=1578490870
RIV,https://docs.google.com/spreadsheets/d/1VkQmOFmyJq1fZKnfkI-Tdfv_KvgVl1XcnQmJ1dCRbe4/edit#gid=1898261529
BAA,https://docs.google.com/spreadsheets/d/1VkQmOFmyJq1fZKnfkI-Tdfv_KvgVl1XcnQmJ1dCRbe4/edit#gid=321533241
BASS,https://docs.google.com/spreadsheets/d/1VkQmOFmyJq1fZKnfkI-Tdfv_KvgVl1XcnQmJ1dCRbe4/edit#gid=1346453355
RUB,https://docs.google.com/spreadsheets/d/1VkQmOFmyJq1fZKnfkI-Tdfv_KvgVl1XcnQmJ1dCRbe4/edit#gid=361685490
SEL,https://docs.google.com/spreadsheets/d/1VkQmOFmyJq1fZKnfkI-Tdfv_KvgVl1XcnQmJ1dCRbe4/edit#gid=2092491156
ACCM,https://docs.google.com/spreadsheets/d/1VkQmOFmyJq1fZKnfkI-Tdfv_KvgVl1XcnQmJ1dCRbe4/edit#gid=124982312
BRO,https://docs.google.com/spreadsheets/d/1VkQmOFmyJq1fZKnfkI-Tdfv_KvgVl1XcnQmJ1dCRbe4/edit#gid=1351774618
PS,https://docs.google.com/spreadsheets/d/1VkQmOFmyJq1fZKnfkI-Tdfv_KvgVl1XcnQmJ1dCRbe4/edit#gid=1604469306
ACC,https://docs.google.com/spreadsheets/d/1VkQmOFmyJq1fZKnfkI-Tdfv_KvgVl1XcnQmJ1dCRbe4/edit#gid=289492262
OUT,https://docs.google.com/spreadsheets/d/1VkQmOFmyJq1fZKnfkI-Tdfv_KvgVl1XcnQmJ1dCRbe4/edit#gid=1628960920
THBMB,https://docs.google.com/spreadsheets/d/1VkQmOFmyJq1fZKnfkI-Tdfv_KvgVl1XcnQmJ1dCRbe4/edit#gid=1614865051
MISC,https://docs.google.com/spreadsheets/d/1VkQmOFmyJq1fZKnfkI-Tdfv_KvgVl1XcnQmJ1dCRbe4/edit#gid=1980564608
AMIA,https://docs.google.com/spreadsheets/d/1VkQmOFmyJq1fZKnfkI-Tdfv_KvgVl1XcnQmJ1dCRbe4/edit#gid=1641790967
CERAB,https://docs.google.com/spreadsheets/d/1VkQmOFmyJq1fZKnfkI-Tdfv_KvgVl1XcnQmJ1dCRbe4/edit#gid=115885684
PIRPP,https://docs.google.com/spreadsheets/d/1VkQmOFmyJq1fZKnfkI-Tdfv_KvgVl1XcnQmJ1dCRbe4/edit#gid=82720215
PIRFP,https://docs.google.com/spreadsheets/d/1VkQmOFmyJq1fZKnfkI-Tdfv_KvgVl1XcnQmJ1dCRbe4/edit#gid=2022744026
PIRF,https://docs.google.com/spreadsheets/d/1VkQmOFmyJq1fZKnfkI-Tdfv_KvgVl1XcnQmJ1dCRbe4/edit#gid=1754036151
SMPP,https://docs.google.com/spreadsheets/d/1VkQmOFmyJq1fZKnfkI-Tdfv_KvgVl1XcnQmJ1dCRbe4/edit#gid=1522699893
SMFP,https://docs.google.com/spreadsheets/d/1VkQmOFmyJq1fZKnfkI-Tdfv_KvgVl1XcnQmJ1dCRbe4/edit#gid=65918401
SMF,https://docs.google.com/spreadsheets/d/1VkQmOFmyJq1fZKnfkI-Tdfv_KvgVl1XcnQmJ1dCRbe4/edit#gid=1164125741
FGP,https://docs.google.com/spreadsheets/d/1VkQmOFmyJq1fZKnfkI-Tdfv_KvgVl1XcnQmJ1dCRbe4/edit#gid=637229615
FGF,https://docs.google.com/spreadsheets/d/1VkQmOFmyJq1fZKnfkI-Tdfv_KvgVl1XcnQmJ1dCRbe4/edit#gid=343096600
FGFI,https://docs.google.com/spreadsheets/d/1VkQmOFmyJq1fZKnfkI-Tdfv_KvgVl1XcnQmJ1dCRbe4/edit#gid=1920843433